session_code,segment,round,group,label,contribution,made_promise,genuine_guilt,false_promise,blame_shifting,manipulation,self_justification,deflection_collective,duping_delight,performative_frustration,no_guilt,gpt_reasoning,gpt_raw_response,messages
sa7mprty,supergame1,3,3,C,25.0,False,False,False,False,False,False,False,False,False,True,"The messages are neutral/strategic discussion about maximizing payoffs and uncertainty about the number of rounds. There is no apology, false promise, blame, manipulation, justification, collective deflection, delight in deception, or performative frustration. The stated actual contribution was 25/25, so the messages do not reveal liar-type deceptive behavior.","{""categories"": [""no_guilt""], ""reasoning"": ""The messages are neutral/strategic discussion about maximizing payoffs and uncertainty about the number of rounds. There is no apology, false promise, blame, manipulation, justification, collective deflection, delight in deception, or performative frustration. The stated actual contribution was 25/25, so the messages do not reveal liar-type deceptive behavior.""}","[""good job guys."", ""can you think of any other number to maximize"", ""but we dont know how many round it will last so ""]"
sa7mprty,supergame1,3,3,G,15.0,False,False,False,False,False,True,False,False,False,False,"The player does not make a clear false promise here; instead, they frame the decision probabilistically ('It's 80% chance it'll continue'), which functions as a strategic rationalization for contributing 15 rather than fully cooperating.","{""categories"": [""self_justification""], ""reasoning"": ""The player does not make a clear false promise here; instead, they frame the decision probabilistically ('It's 80% chance it'll continue'), which functions as a strategic rationalization for contributing 15 rather than fully cooperating.""}","[""15 maybe?"", ""It's 80% chance it'll continue""]"
sa7mprty,supergame1,3,3,L,25.0,False,False,False,False,False,False,True,False,False,False,"The messages use collective framing like 'we each,' 'we can,' and 'everyone contributes' to emphasize group action and shared outcomes. There is no apology, deception, blame, manipulation, or frustration in the text.","{""categories"": [""deflection_collective""], ""reasoning"": ""The messages use collective framing like 'we each,' 'we can,' and 'everyone contributes' to emphasize group action and shared outcomes. There is no apology, deception, blame, manipulation, or frustration in the text.""}","[""would we not make more if we each put in 25? 40 ecu each?"", ""we can keep doing the same but 25 actually makes the most money"", ""as long as everyone contributes we would all maximize""]"
sa7mprty,supergame1,3,3,Q,25.0,True,False,False,False,False,False,True,False,False,False,"The messages use group-oriented framing about everyone contributing 25 for the shared outcome ('25 would be better' and '40 each') without apology, blame, manipulation, or deceptive promise-breaking in the chat itself.","{""categories"": [""deflection_collective""], ""reasoning"": ""The messages use group-oriented framing about everyone contributing 25 for the shared outcome ('25 would be better' and '40 each') without apology, blame, manipulation, or deceptive promise-breaking in the chat itself.""}","[""yesh 25 would be better i feel thats 40 each "", ""yeah it does ""]"
sa7mprty,supergame4,5,4,R,25.0,True,False,False,True,True,False,True,False,False,False,"The player proposes and directs a coordinated zero-contribution scheme ('we all take a turn with 0', 'N or P go 0'), which is manipulation. They also engage in interpersonal blame dynamics ('Don't place blame', 'You started it'), which fits blame_shifting. The repeated 'we all' framing diffuses responsibility through collective language, fitting deflection_collective. There is no false_promise here because they actually contributed 25.","{""categories"": [""manipulation"", ""blame_shifting"", ""deflection_collective""], ""reasoning"": ""The player proposes and directs a coordinated zero-contribution scheme ('we all take a turn with 0', 'N or P go 0'), which is manipulation. They also engage in interpersonal blame dynamics ('Don't place blame', 'You started it'), which fits blame_shifting. The repeated 'we all' framing diffuses responsibility through collective language, fitting deflection_collective. There is no false_promise here because they actually contributed 25.""}","[""Yeah q was too quiet"", ""I say we all take a turn with 0"", ""I mean why not"", ""Don't place blame"", ""You started it"", ""N or P go 0""]"
sa7mprty,supergame4,6,4,N,25.0,False,False,False,False,False,False,False,False,False,True,"The message is just a brief accusation ('greedy fr') with no deception by this player, since they actually contributed the full 25. It does not show guilt, false promise, manipulation, or self-justification.","{""categories"": [""no_guilt""], ""reasoning"": ""The message is just a brief accusation ('greedy fr') with no deception by this player, since they actually contributed the full 25. It does not show guilt, false promise, manipulation, or self-justification.""}","[""greedy fr""]"
sa7mprty,supergame4,6,4,R,25.0,True,False,False,False,True,False,True,False,False,False,"The player pressures others with a threat-like statement ('you're gonna piss me off') and proposes a coordinated scheme directing specific players' contributions, which is manipulation. The phrasing 'the rest of us will go 25' uses collective framing, so deflection_collective also applies. No false_promise applies because they actually contributed 25.","{""categories"": [""manipulation"", ""deflection_collective""], ""reasoning"": ""The player pressures others with a threat-like statement ('you're gonna piss me off') and proposes a coordinated scheme directing specific players' contributions, which is manipulation. The phrasing 'the rest of us will go 25' uses collective framing, so deflection_collective also applies. No false_promise applies because they actually contributed 25.""}","[""Q you're gonna piss me off"", ""P you go 0 now and the rest of us (Q!!!!!!!!!!) will go 25""]"
sa7mprty,supergame4,7,4,N,25.0,False,False,False,True,False,False,False,False,False,False,"The message points to another player’s past defections ('Q has gone 0 multiple times'), shifting attention/blame onto someone else. It does not contain a promise, apology, manipulation, or guilt.","{""categories"": [""blame_shifting""], ""reasoning"": ""The message points to another player’s past defections ('Q has gone 0 multiple times'), shifting attention/blame onto someone else. It does not contain a promise, apology, manipulation, or guilt.""}","[""but Q has gone 0 multiple times""]"
sa7mprty,supergame4,7,4,R,25.0,False,False,False,True,True,False,False,False,False,False,"The speaker proposes a coordinated rotation scheme ('start the cycle over again and Q can go 0') and tries to direct group behavior, which is manipulation. They also single out Q as the likely defector ('be real q will go 0'), which is blame_shifting. No false_promise applies because they actually contributed 25.","{""categories"": [""manipulation"", ""blame_shifting""], ""reasoning"": ""The speaker proposes a coordinated rotation scheme ('start the cycle over again and Q can go 0') and tries to direct group behavior, which is manipulation. They also single out Q as the likely defector ('be real q will go 0'), which is blame_shifting. No false_promise applies because they actually contributed 25.""}","[""Thank you Q"", ""Now we can start the cycle over again and Q can go 0, or we can all go in"", ""I was about to say be real q will go 0""]"
sa7mprty,supergame5,3,2,R,25.0,True,False,False,False,True,False,True,False,False,True,"The player proposes and advocates a coordinated take-turns-zero scheme ('take turns all going 0'), which is manipulation, and frames it in collective terms ('we', 'all'), which is deflection_collective. However, there is no deception here because they actually contributed 25 as stated, so no false_promise or guilt-related category applies.","{""categories"": [""manipulation"", ""deflection_collective"", ""no_guilt""], ""reasoning"": ""The player proposes and advocates a coordinated take-turns-zero scheme ('take turns all going 0'), which is manipulation, and frames it in collective terms ('we', 'all'), which is deflection_collective. However, there is no deception here because they actually contributed 25 as stated, so no false_promise or guilt-related category applies.""}","[""HEAR ME OUT"", ""The earnings will add up more if we take turns all going 0"", ""I promise we did it last time and it was way better"", ""It's just you play with the odds of the segment ending and someone missing out"", ""I'll go 25""]"
sa7mprty,supergame5,4,2,R,25.0,False,False,False,False,True,False,False,False,False,False,"The player did not lie behaviorally here because they actually contributed 25/25, so false_promise does not apply. The message about specific players getting a 'redo' and starting a cycle proposes/directs a turn-taking scheme, which fits manipulation. The other messages are too vague to indicate guilt, blame, or frustration.","{""categories"": [""manipulation""], ""reasoning"": ""The player did not lie behaviorally here because they actually contributed 25/25, so false_promise does not apply. The message about specific players getting a 'redo' and starting a cycle proposes/directs a turn-taking scheme, which fits manipulation. The other messages are too vague to indicate guilt, blame, or frustration.""}","[""Well-"", ""Just G though and then B and J can get a redo next, and then we'll start the cycle over"", ""Trust""]"
sa7mprty,supergame5,5,2,G,25.0,True,False,False,False,True,False,False,False,False,False,"""Now we do 0?"" proposes or tests a coordinated rotation/zero-contribution scheme, which is manipulative. The other messages are neutral/confirmatory, and there is no apology, blame, justification, or false promise in these texts.","{""categories"": [""manipulation""], ""reasoning"": ""\""Now we do 0?\"" proposes or tests a coordinated rotation/zero-contribution scheme, which is manipulative. The other messages are neutral/confirmatory, and there is no apology, blame, justification, or false promise in these texts.""}","[""Now we do 0?"", ""Got it"", ""Doing 25 for me""]"
sa7mprty,supergame5,5,2,R,25.0,False,False,False,False,True,False,True,False,False,False,"The player proposes and directs a rotation scheme for free-riding ('everyone gets the chance', 'B you can go and J will go next'), which is manipulative. The phrasing emphasizes group-level coordination and shared turns ('everyone') rather than personal responsibility, fitting deflection_collective. There is no clear apology, blame, or false promise in these messages.","{""categories"": [""manipulation"", ""deflection_collective""], ""reasoning"": ""The player proposes and directs a rotation scheme for free-riding ('everyone gets the chance', 'B you can go and J will go next'), which is manipulative. The phrasing emphasizes group-level coordination and shared turns ('everyone') rather than personal responsibility, fitting deflection_collective. There is no clear apology, blame, or false promise in these messages.""}","[""J..."", ""Idk you guys"", ""It was just a cycle, so everyone gets the chance at the 55 if only one person goes 0"", ""B you can go and J will go next""]"
irrzlgk2,supergame1,3,2,K,25.0,False,,,,,,,,,,,,
irrzlgk2,supergame2,3,4,K,0.0,False,False,False,False,True,False,True,False,False,False,"""lets make same mone"" is a group-directed attempt to coordinate others' behavior and uses collective framing about shared outcomes. There is no explicit apology, blame, or clear false statement of their own contribution.","{""categories"": [""manipulation"", ""deflection_collective""], ""reasoning"": ""\""lets make same mone\"" is a group-directed attempt to coordinate others' behavior and uses collective framing about shared outcomes. There is no explicit apology, blame, or clear false statement of their own contribution.""}","[""whats that"", ""lets make same mone""]"
irrzlgk2,supergame2,3,4,N,0.0,True,False,True,False,False,False,False,False,False,False,"The message 'yes' likely indicates agreement with a prior promise or plan to contribute, but the player actually contributed 0, so it counts as a false promise. The messages do not show guilt, blame, manipulation, or other qualifying behaviors.","{""categories"": [""false_promise""], ""reasoning"": ""The message 'yes' likely indicates agreement with a prior promise or plan to contribute, but the player actually contributed 0, so it counts as a false promise. The messages do not show guilt, blame, manipulation, or other qualifying behaviors.""}","[""yea what"", ""yes""]"
irrzlgk2,supergame2,4,4,K,0.0,False,False,False,False,False,True,False,False,False,False,"The messages do not contain a clear promise, apology, blame, or group-framing. 'yes i am not doing it them' appears to justify the speaker's own non-contribution by implying they are withholding because of others ('them'), which fits self_justification.","{""categories"": [""self_justification""], ""reasoning"": ""The messages do not contain a clear promise, apology, blame, or group-framing. 'yes i am not doing it them' appears to justify the speaker's own non-contribution by implying they are withholding because of others ('them'), which fits self_justification.""}","[""whats that"", ""yes i am not doing it them""]"
irrzlgk2,supergame2,4,4,N,0.0,False,,,,,,,,,,,,
irrzlgk2,supergame3,3,2,N,25.0,False,False,False,False,False,False,False,False,False,True,"The messages 'bruh' and 'actually this time' do not show apology, blame, manipulation, justification, or deceptive amusement. Since the player actually contributed 25/25, there is no false promise here.","{""categories"": [""no_guilt""], ""reasoning"": ""The messages 'bruh' and 'actually this time' do not show apology, blame, manipulation, justification, or deceptive amusement. Since the player actually contributed 25/25, there is no false promise here.""}","[""bruh"", ""actually this time""]"
irrzlgk2,supergame3,3,3,C,0.0,False,False,True,False,False,False,False,False,False,False,"The player says they 'put it all in,' claiming a full contribution, but actually contributed 0, so this is a clear false promise.","{""categories"": [""false_promise""], ""reasoning"": ""The player says they 'put it all in,' claiming a full contribution, but actually contributed 0, so this is a clear false promise.""}","[""dude j put it all in""]"
irrzlgk2,supergame3,3,3,K,0.0,False,False,False,True,False,False,False,False,False,False,"The player contributed 0 but asked why others were not contributing, hypocritically pointing at others' behavior while defecting themselves. There is no explicit promise in these messages, no apology, and no clear frustration beyond the accusatory question.","{""categories"": [""blame_shifting""], ""reasoning"": ""The player contributed 0 but asked why others were not contributing, hypocritically pointing at others' behavior while defecting themselves. There is no explicit promise in these messages, no apology, and no clear frustration beyond the accusatory question.""}","[""whats wrong"", ""why are you guys not putting in""]"
irrzlgk2,supergame4,3,1,B,25.0,False,False,False,False,False,False,False,False,False,True,"The message expresses general frustration about others' behavior, but the player actually contributed 25/25, so it is not hypocritical or deceptive. There is no false promise, blame-shifting by a defector, manipulation, guilt, or justification present.","{""categories"": [""no_guilt""], ""reasoning"": ""The message expresses general frustration about others' behavior, but the player actually contributed 25/25, so it is not hypocritical or deceptive. There is no false promise, blame-shifting by a defector, manipulation, guilt, or justification present.""}","[""why does this happen every time""]"
irrzlgk2,supergame4,3,3,K,0.0,False,False,False,False,False,False,False,True,True,False,"""seriously?"" signals frustration at others despite the speaker contributing 0, fitting performative_frustration. ""like lolz"" suggests amusement/cynicism in the deceptive context, fitting duping_delight.","{""categories"": [""performative_frustration"", ""duping_delight""], ""reasoning"": ""\""seriously?\"" signals frustration at others despite the speaker contributing 0, fitting performative_frustration. \""like lolz\"" suggests amusement/cynicism in the deceptive context, fitting duping_delight.""}","[""seriously?"", ""like lolz""]"
irrzlgk2,supergame4,3,3,M,25.0,False,False,False,False,True,False,True,False,False,False,"""all put 25"" directs others' behavior and uses collective framing (""all"") to push a group-wide contribution strategy. ""noooooo"" suggests frustration but does not clearly target defectors. Since the player actually contributed 25, this is not a false promise.","{""categories"": [""manipulation"", ""deflection_collective""], ""reasoning"": ""\""all put 25\"" directs others' behavior and uses collective framing (\""all\"") to push a group-wide contribution strategy. \""noooooo\"" suggests frustration but does not clearly target defectors. Since the player actually contributed 25, this is not a false promise.""}","[""noooooo"", ""all put 25""]"
irrzlgk2,supergame4,3,4,N,0.0,True,False,True,False,True,False,True,False,False,False,"""yes"" likely signals agreement with a group contribution promise despite contributing 0, so it is a false_promise. ""cmon guys"" applies social pressure to influence others, fitting manipulation, and its group-directed framing also fits deflection_collective.","{""categories"": [""false_promise"", ""manipulation"", ""deflection_collective""], ""reasoning"": ""\""yes\"" likely signals agreement with a group contribution promise despite contributing 0, so it is a false_promise. \""cmon guys\"" applies social pressure to influence others, fitting manipulation, and its group-directed framing also fits deflection_collective.""}","[""bro"", ""cmon guys"", ""yes""]"
irrzlgk2,supergame4,4,1,B,25.0,False,False,False,False,False,False,False,False,False,True,"The only message is 'please,' which does not contain a false promise, apology, blame, justification, collective framing, delight in deception, or performative frustration. The player also actually contributed 25, so there is no lie evident in this message.","{""categories"": [""no_guilt""], ""reasoning"": ""The only message is 'please,' which does not contain a false promise, apology, blame, justification, collective framing, delight in deception, or performative frustration. The player also actually contributed 25, so there is no lie evident in this message.""}","[""please""]"
irrzlgk2,supergame4,4,3,K,0.0,False,False,False,False,False,False,False,False,False,True,"The message simply states a decision to stop contributing ('not doing anymore'). It does not contain a promise, apology, blame, manipulation, justification, collective framing, amusement, or performative frustration.","{""categories"": [""no_guilt""], ""reasoning"": ""The message simply states a decision to stop contributing ('not doing anymore'). It does not contain a promise, apology, blame, manipulation, justification, collective framing, amusement, or performative frustration.""}","[""not doing anymore""]"
irrzlgk2,supergame4,4,3,M,0.0,False,False,True,False,False,True,False,False,True,False,"The player falsely claims 'I went all in' despite contributing 0, which is a false_promise. The statement 'I got 28' functions as an excuse/rationalization for their behavior, suggesting self_justification. The 'nooooo' conveys apparent upset about the outcome, which reads as performative_frustration from a defector.","{""categories"": [""false_promise"", ""self_justification"", ""performative_frustration""], ""reasoning"": ""The player falsely claims 'I went all in' despite contributing 0, which is a false_promise. The statement 'I got 28' functions as an excuse/rationalization for their behavior, suggesting self_justification. The 'nooooo' conveys apparent upset about the outcome, which reads as performative_frustration from a defector.""}","[""nooooo. I got 28. I went all in""]"
irrzlgk2,supergame4,4,4,N,0.0,False,,,,,,,,,,,,
irrzlgk2,supergame4,4,4,P,0.0,False,False,False,False,True,False,True,False,False,False,"The player urges group cooperation and pressures others toward full contribution ('can we work together', 'all 25 gives us more') while personally contributing 0. The repeated 'we/all/group' framing diffuses personal responsibility into a collective appeal. There is no explicit personal promise like 'I will give 25,' so false_promise is less direct here.","{""categories"": [""manipulation"", ""deflection_collective""], ""reasoning"": ""The player urges group cooperation and pressures others toward full contribution ('can we work together', 'all 25 gives us more') while personally contributing 0. The repeated 'we/all/group' framing diffuses personal responsibility into a collective appeal. There is no explicit personal promise like 'I will give 25,' so false_promise is less direct here.""}","[""can we work together"", ""all 25 gives us more"", ""every other group im in odes that""]"
irrzlgk2,supergame4,5,1,B,12.0,False,False,False,False,False,False,False,False,False,True,"The message is too vague to show a promise, apology, blame, manipulation, justification, or group-responsibility framing. By itself, it does not provide evidence of deceptive or guilt-related strategy.","{""categories"": [""no_guilt""], ""reasoning"": ""The message is too vague to show a promise, apology, blame, manipulation, justification, or group-responsibility framing. By itself, it does not provide evidence of deceptive or guilt-related strategy.""}","[""well now there is two""]"
irrzlgk2,supergame4,5,3,K,0.0,False,,,,,,,,,,,,
irrzlgk2,supergame4,5,3,M,0.0,True,False,True,False,False,False,False,False,False,False,"""yes"" indicates agreement with a prior promise or plan to contribute, but the player actually contributed 0, so it functions as a false promise.","{""categories"": [""false_promise""], ""reasoning"": ""\""yes\"" indicates agreement with a prior promise or plan to contribute, but the player actually contributed 0, so it functions as a false promise.""}","[""yes""]"
irrzlgk2,supergame4,5,4,N,0.0,False,False,False,True,False,False,False,False,False,False,"The player claims they 'keep doing it' and accuses others of lying, while they themselves contributed 0. This is hypocritical finger-pointing at others' defection.","{""categories"": [""blame_shifting""], ""reasoning"": ""The player claims they 'keep doing it' and accuses others of lying, while they themselves contributed 0. This is hypocritical finger-pointing at others' defection.""}","[""i keep doing it so one of you guys is lying""]"
irrzlgk2,supergame4,5,4,P,0.0,False,False,True,False,True,False,True,False,False,False,"""i am too"" indicates agreement with contributing despite actually giving 0, so it is a false_promise. ""yall please"" pressures others to cooperate, which is manipulation. ""we will get more"" uses collective we-framing to focus on group benefit and diffuse individual responsibility, fitting deflection_collective.","{""categories"": [""false_promise"", ""manipulation"", ""deflection_collective""], ""reasoning"": ""\""i am too\"" indicates agreement with contributing despite actually giving 0, so it is a false_promise. \""yall please\"" pressures others to cooperate, which is manipulation. \""we will get more\"" uses collective we-framing to focus on group benefit and diffuse individual responsibility, fitting deflection_collective.""}","[""yall please"", ""we will get more"", ""i am too""]"
irrzlgk2,supergame4,6,1,B,25.0,False,False,False,False,False,False,False,False,False,True,"The message claims a lower contribution ('i put in 12') and distrust of others, but the player actually contributed 25, so they did not defect or break a promise. None of the listed liar-strategy categories apply to this message in this context.","{""categories"": [""no_guilt""], ""reasoning"": ""The message claims a lower contribution ('i put in 12') and distrust of others, but the player actually contributed 25, so they did not defect or break a promise. None of the listed liar-strategy categories apply to this message in this context.""}","[""i put in 12 because i cannot trust anyone anymore ""]"
irrzlgk2,supergame4,6,3,K,0.0,False,False,True,False,True,False,True,False,False,False,"The player urges the group to contribute collectively ('lets put it together', 'for once?'), implying they will also cooperate despite actually contributing 0, which makes it a false promise. The wording uses group-focused 'let's' framing, diffusing individual responsibility, so it fits deflection_collective. It also pressures others to cooperate through a collective appeal, which counts as manipulation.","{""categories"": [""false_promise"", ""deflection_collective"", ""manipulation""], ""reasoning"": ""The player urges the group to contribute collectively ('lets put it together', 'for once?'), implying they will also cooperate despite actually contributing 0, which makes it a false promise. The wording uses group-focused 'let's' framing, diffusing individual responsibility, so it fits deflection_collective. It also pressures others to cooperate through a collective appeal, which counts as manipulation.""}","[""it would be the last round i guess. lets put it together"", ""for once?""]"
irrzlgk2,supergame4,6,3,M,0.0,False,,,,,,,,,,,,
irrzlgk2,supergame4,6,4,N,25.0,True,False,False,False,False,False,False,False,False,True,"The message 'yes fr' is a brief affirmation with no apology, blame, manipulation, justification, or deceptive promise. Since the player actually contributed 25/25, it does not indicate lying or guilt-related strategy.","{""categories"": [""no_guilt""], ""reasoning"": ""The message 'yes fr' is a brief affirmation with no apology, blame, manipulation, justification, or deceptive promise. Since the player actually contributed 25/25, it does not indicate lying or guilt-related strategy.""}","[""yes fr""]"
irrzlgk2,supergame4,6,4,P,15.0,True,False,True,False,True,False,True,False,False,False,"The player explicitly pushed for a group agreement to contribute 'all 25' ('does everyone agree for one time all 25?') and then affirmed 'i do' while actually contributing only 15, which is a false_promise. The repeated urging ('can we do it one time', 'everyone please') is an attempt to direct others' behavior, fitting manipulation. The focus on 'everyone' and collective agreement diffuses responsibility into group framing, fitting deflection_collective.","{""categories"": [""false_promise"", ""manipulation"", ""deflection_collective""], ""reasoning"": ""The player explicitly pushed for a group agreement to contribute 'all 25' ('does everyone agree for one time all 25?') and then affirmed 'i do' while actually contributing only 15, which is a false_promise. The repeated urging ('can we do it one time', 'everyone please') is an attempt to direct others' behavior, fitting manipulation. The focus on 'everyone' and collective agreement diffuses responsibility into group framing, fitting deflection_collective.""}","[""can we do it one time"", ""everyone please"", ""does everyone agree for one time all 25?"", ""i do""]"
irrzlgk2,supergame4,7,1,B,0.0,False,False,True,False,False,False,False,False,False,False,"The player explicitly claims 'i put in 25' while actually contributing 0, which is a clear false statement about their contribution. The rest of the message does not strongly indicate guilt, manipulation, or other categories.","{""categories"": [""false_promise""], ""reasoning"": ""The player explicitly claims 'i put in 25' while actually contributing 0, which is a clear false statement about their contribution. The rest of the message does not strongly indicate guilt, manipulation, or other categories.""}","[""i put in 25 but it is not a big dealto me if yall get more ""]"
irrzlgk2,supergame4,7,1,C,0.0,False,False,True,False,False,False,False,False,False,False,"The player falsely states they contributed 15 points ('i put in my 15') when their actual contribution was 0, which is a direct misrepresentation of their contribution.","{""categories"": [""false_promise""], ""reasoning"": ""The player falsely states they contributed 15 points ('i put in my 15') when their actual contribution was 0, which is a direct misrepresentation of their contribution.""}","[""i put in my 15""]"
irrzlgk2,supergame4,7,3,K,0.0,False,,,,,,,,,,,,
irrzlgk2,supergame4,7,3,M,0.0,False,False,False,False,False,False,False,True,False,False,"The player shows amusement with 'lol' while referring to future rounds to 'compensate the losses,' which suggests a light or amused attitude in the context of having defected. There is no explicit promise, apology, blame, or justification in these messages.","{""categories"": [""duping_delight""], ""reasoning"": ""The player shows amusement with 'lol' while referring to future rounds to 'compensate the losses,' which suggests a light or amused attitude in the context of having defected. There is no explicit promise, apology, blame, or justification in these messages.""}","[""hopefully we get more rounds"", ""to compenstae the losses. lol""]"
irrzlgk2,supergame4,7,4,N,0.0,False,False,False,False,False,False,False,False,False,True,"The messages are vague and observational, with no explicit promise, apology, blame, pressure on others, justification, collective framing, or signs of amusement. They do not reveal a clear deceptive or manipulative chat strategy beyond the known hidden defection.","{""categories"": [""no_guilt""], ""reasoning"": ""The messages are vague and observational, with no explicit promise, apology, blame, pressure on others, justification, collective framing, or signs of amusement. They do not reveal a clear deceptive or manipulative chat strategy beyond the known hidden defection.""}","[""alright we're getting there"", ""no way we get another round tho""]"
irrzlgk2,supergame4,7,4,P,25.0,False,False,False,False,False,False,False,False,False,True,"The messages urge the group to contribute more ('getting closer please this time', 'probably the last chance') but do not contain a false promise, blame, manipulation scheme, apology, justification, delight in deception, or performative frustration. Since the player actually contributed 25/25, there is no deceptive mismatch here.","{""categories"": [""no_guilt""], ""reasoning"": ""The messages urge the group to contribute more ('getting closer please this time', 'probably the last chance') but do not contain a false promise, blame, manipulation scheme, apology, justification, delight in deception, or performative frustration. Since the player actually contributed 25/25, there is no deceptive mismatch here.""}","[""getting closer please this time"", ""probably the last chance""]"
irrzlgk2,supergame5,3,4,D,20.0,False,False,False,True,True,False,False,False,True,False,"The player defected by contributing only 20 after promising more, yet their messages focus on accusing an unnamed other person of lying ('someone in this group will lie again') and warning others to be cautious. This shifts suspicion away from themselves, pressures the group’s future behavior, and performs frustration about dishonesty while being dishonest themselves.","{""categories"": [""blame_shifting"", ""manipulation"", ""performative_frustration""], ""reasoning"": ""The player defected by contributing only 20 after promising more, yet their messages focus on accusing an unnamed other person of lying ('someone in this group will lie again') and warning others to be cautious. This shifts suspicion away from themselves, pressures the group’s future behavior, and performs frustration about dishonesty while being dishonest themselves.""}","[""should have been 60"", ""well that means someone in this group will lie again "", ""so u guys should proceed with caution""]"
irrzlgk2,supergame5,3,4,L,25.0,True,False,False,False,False,False,True,False,False,False,"The messages use collective framing like 'lets all do 25,' 'maximize as group,' and 'we should.' There is no apology, blame, manipulation beyond general coordination, or false promise here since the player actually contributed 25.","{""categories"": [""deflection_collective""], ""reasoning"": ""The messages use collective framing like 'lets all do 25,' 'maximize as group,' and 'we should.' There is no apology, blame, manipulation beyond general coordination, or false promise here since the player actually contributed 25.""}","[""lets all do 25 and maximize as group please"", ""yes we should"", ""yes""]"
irrzlgk2,supergame5,3,4,P,25.0,True,False,False,False,False,False,True,False,False,False,"The messages focus on collective coordination using 'we'/'agree' framing ('can we do 25', 'can we agree in 25'). There is no apology, blame, manipulation beyond basic coordination, or false promise here since the player actually contributed 25.","{""categories"": [""deflection_collective""], ""reasoning"": ""The messages focus on collective coordination using 'we'/'agree' framing ('can we do 25', 'can we agree in 25'). There is no apology, blame, manipulation beyond basic coordination, or false promise here since the player actually contributed 25.""}","[""were missing 5"", ""can we do 25 this time"", ""can we agree in 25"", ""yes""]"
irrzlgk2,supergame5,4,4,D,25.0,True,False,False,False,False,False,False,False,False,True,"The player actually contributed 25/25, so statements like '25 pls' and '25 for me' are not false promises. The messages mainly advocate full contribution and comment on the payoff consequences of low contribution ('5 is missing', 'not even u will earn much with 5 tbh') without clear deceptive, guilt-related, or manipulative content from a defector.","{""categories"": [""no_guilt""], ""reasoning"": ""The player actually contributed 25/25, so statements like '25 pls' and '25 for me' are not false promises. The messages mainly advocate full contribution and comment on the payoff consequences of low contribution ('5 is missing', 'not even u will earn much with 5 tbh') without clear deceptive, guilt-related, or manipulative content from a defector.""}","[""5 is missing"", ""it'"", ""it"", ""not even u will earn much with 5 tbh"", ""25 pls "", ""25 for me ""]"
irrzlgk2,supergame5,4,4,L,25.0,True,False,False,False,False,False,True,False,False,True,"The messages use collective framing ('lets all do 25', 'lets maximize') to encourage full cooperation, which fits deflection_collective. However, there is no deception here because the player actually contributed 25, and there are no signs of guilt, blame, manipulation beyond basic coordination, or other problematic behavior.","{""categories"": [""deflection_collective"", ""no_guilt""], ""reasoning"": ""The messages use collective framing ('lets all do 25', 'lets maximize') to encourage full cooperation, which fits deflection_collective. However, there is no deception here because the player actually contributed 25, and there are no signs of guilt, blame, manipulation beyond basic coordination, or other problematic behavior.""}","[""lets all do 25 please"", ""yes lets maximize "", ""25 plz""]"
irrzlgk2,supergame5,4,4,P,25.0,True,False,False,False,False,False,False,False,False,True,"The player actually contributed 25/25, so saying ""25"" was not a false promise. The messages discuss strategy and note that someone is lying, but there is no evidence of hypocrisy, manipulation, guilt, or justification in these messages.","{""categories"": [""no_guilt""], ""reasoning"": ""The player actually contributed 25/25, so saying \""25\"" was not a false promise. The messages discuss strategy and note that someone is lying, but there is no evidence of hypocrisy, manipulation, guilt, or justification in these messages.""}","[""someone is lying"", ""yes it maximizes it"", ""25""]"
irrzlgk2,supergame5,5,3,N,0.0,False,False,False,False,False,False,False,False,True,False,"The message expresses exasperation/frustration ('actual ragebait') about others' behavior while the speaker themselves contributed 0, fitting hypocritical performative frustration. It does not contain a promise, apology, justification, or manipulation.","{""categories"": [""performative_frustration""], ""reasoning"": ""The message expresses exasperation/frustration ('actual ragebait') about others' behavior while the speaker themselves contributed 0, fitting hypocritical performative frustration. It does not contain a promise, apology, justification, or manipulation.""}","[""this is actual ragebait""]"
irrzlgk2,supergame5,5,4,D,25.0,True,False,False,False,False,False,True,False,False,False,"The messages use collective framing ('let's do it again guys') to encourage group cooperation, but contain no apology, blame, justification, frustration, or clear deceptive promise in the text itself.","{""categories"": [""deflection_collective""], ""reasoning"": ""The messages use collective framing ('let's do it again guys') to encourage group cooperation, but contain no apology, blame, justification, frustration, or clear deceptive promise in the text itself.""}","[""great"", ""let's do it again guys ""]"
irrzlgk2,supergame5,5,4,L,25.0,True,False,False,False,False,False,False,False,False,True,"The messages 'amazing' and 'yes' do not show guilt, deception, blame, manipulation, or justification. Since the player actually contributed 25/25, there is no false promise despite the prompt calling them a liar.","{""categories"": [""no_guilt""], ""reasoning"": ""The messages 'amazing' and 'yes' do not show guilt, deception, blame, manipulation, or justification. Since the player actually contributed 25/25, there is no false promise despite the prompt calling them a liar.""}","[""amazing"", ""yes""]"
irrzlgk2,supergame5,5,4,P,0.0,False,False,False,False,False,False,False,False,False,True,"""yippee again"" does not contain a promise, apology, blame, justification, manipulation, or collective framing. It reads as a neutral/possibly upbeat remark without clear deceptive content on its own.","{""categories"": [""no_guilt""], ""reasoning"": ""\""yippee again\"" does not contain a promise, apology, blame, justification, manipulation, or collective framing. It reads as a neutral/possibly upbeat remark without clear deceptive content on its own.""}","[""yippee again""]"
6uv359rf,supergame1,3,2,K,15.0,False,False,False,False,False,False,True,False,False,False,"The message uses collective 'we' framing about group contributions and earnings, emphasizing what everyone should do rather than making a direct personal commitment. It does not contain a specific false promise, apology, blame, or justification.","{""categories"": [""deflection_collective""], ""reasoning"": ""The message uses collective 'we' framing about group contributions and earnings, emphasizing what everyone should do rather than making a direct personal commitment. It does not contain a specific false promise, apology, blame, or justification.""}","[""the more we put in the group the more we can each make""]"
6uv359rf,supergame5,3,3,C,0.0,False,False,True,False,True,False,True,False,False,False,"The player urged the group to contribute fully ('let do 25 each') despite contributing 0, which is a false_promise. The messages pressure others' behavior through moral framing ('lets not be greedy') and directing a coordinated action, which indicates manipulation. The use of collective language ('lets', 'each') shifts focus to group action rather than personal responsibility, fitting deflection_collective.","{""categories"": [""false_promise"", ""manipulation"", ""deflection_collective""], ""reasoning"": ""The player urged the group to contribute fully ('let do 25 each') despite contributing 0, which is a false_promise. The messages pressure others' behavior through moral framing ('lets not be greedy') and directing a coordinated action, which indicates manipulation. The use of collective language ('lets', 'each') shifts focus to group action rather than personal responsibility, fitting deflection_collective.""}","[""lets not be greedy"", ""let do 25 each""]"
6uv359rf,supergame5,4,3,C,25.0,False,False,False,False,False,False,False,False,False,True,"The message 'come on man' is a mild expression of frustration, but there is no apology, false promise, blame, manipulation, justification, or deceptive enjoyment. Since the player actually contributed 25/25, it is not hypocritical or performative.","{""categories"": [""no_guilt""], ""reasoning"": ""The message 'come on man' is a mild expression of frustration, but there is no apology, false promise, blame, manipulation, justification, or deceptive enjoyment. Since the player actually contributed 25/25, it is not hypocritical or performative.""}","[""come on man""]"
6uv359rf,supergame5,5,3,C,0.0,True,False,True,False,True,False,False,False,False,False,"The player explicitly said ""25"" but actually contributed 0, which is a false_promise. The messages ""what we doing"" and especially ""lets do 2"" attempt to coordinate/direct others' behavior, which fits manipulation.","{""categories"": [""false_promise"", ""manipulation""], ""reasoning"": ""The player explicitly said \""25\"" but actually contributed 0, which is a false_promise. The messages \""what we doing\"" and especially \""lets do 2\"" attempt to coordinate/direct others' behavior, which fits manipulation.""}","[""what we doing"", ""lets do 2"", ""25""]"
6uv359rf,supergame5,5,3,N,25.0,True,False,False,False,False,False,True,False,False,False,"The messages use group-focused framing ('teamwork', 'all in') to encourage collective contribution, but there is no lie here since the player actually contributed 25/25. There is no apology, blame, justification, delight in deception, or frustration.","{""categories"": [""deflection_collective""], ""reasoning"": ""The messages use group-focused framing ('teamwork', 'all in') to encourage collective contribution, but there is no lie here since the player actually contributed 25/25. There is no apology, blame, justification, delight in deception, or frustration.""}","[""Still got time for teamwork"", ""Ok guys all in""]"
umbzdj98,supergame1,3,1,N,25.0,True,False,True,True,False,True,False,False,False,False,"""look i gotta recover my losses"" rationalizes earlier undercontribution, ""I will do 25 from now on"" is a promise to contribute fully despite prior lying/defection context, and ""says the guy with the most"" shifts blame or criticism onto another player.","{""categories"": [""self_justification"", ""false_promise"", ""blame_shifting""], ""reasoning"": ""\""look i gotta recover my losses\"" rationalizes earlier undercontribution, \""I will do 25 from now on\"" is a promise to contribute fully despite prior lying/defection context, and \""says the guy with the most\"" shifts blame or criticism onto another player.""}","[""look i gotta recover my losses"", ""I will do 25 from now on"", ""says the guy with the most""]"
umbzdj98,supergame2,3,3,J,0.0,False,True,False,False,False,True,False,False,False,False,"The message includes a direct apology-like statement ('My fault yall'), indicating remorse, and also excuses the defection by saying they thought others were lying, which serves as a justification for contributing 0.","{""categories"": [""genuine_guilt"", ""self_justification""], ""reasoning"": ""The message includes a direct apology-like statement ('My fault yall'), indicating remorse, and also excuses the defection by saying they thought others were lying, which serves as a justification for contributing 0.""}","[""I thought yall were lying. My fault yall""]"
umbzdj98,supergame2,4,3,J,0.0,False,True,False,False,False,True,False,False,False,False,"""just trolling"" rationalizes the defection as a joke/excuse, while ""my fault"" is a direct acknowledgment of wrongdoing that reads as a brief apology/remorse. There is no explicit false promise in this message itself.","{""categories"": [""self_justification"", ""genuine_guilt""], ""reasoning"": ""\""just trolling\"" rationalizes the defection as a joke/excuse, while \""my fault\"" is a direct acknowledgment of wrongdoing that reads as a brief apology/remorse. There is no explicit false promise in this message itself.""}","[""just trolling my fault""]"
umbzdj98,supergame2,4,4,K,25.0,True,False,False,False,False,False,False,False,False,True,"The only message is a neutral symbol string ('^^^') with no apology, promise, blame, manipulation, justification, collective framing, amusement, or frustration. The player also contributed 25/25, so there is no evidence of deceptive or guilt-related behavior in the chat.","{""categories"": [""no_guilt""], ""reasoning"": ""The only message is a neutral symbol string ('^^^') with no apology, promise, blame, manipulation, justification, collective framing, amusement, or frustration. The player also contributed 25/25, so there is no evidence of deceptive or guilt-related behavior in the chat.""}","[""^^^""]"
umbzdj98,supergame4,5,4,N,0.0,False,False,True,False,True,False,False,False,False,False,"The message 'hey but 25 this time bro' urges/conveys agreement to contribute 25 despite the player actually contributing 0, so it is a false_promise. It also pressures/directs another player’s behavior ('this time bro'), which fits manipulation. The earlier messages support strategic coordination around payoff logic but do not show guilt.","{""categories"": [""false_promise"", ""manipulation""], ""reasoning"": ""The message 'hey but 25 this time bro' urges/conveys agreement to contribute 25 despite the player actually contributing 0, so it is a false_promise. It also pressures/directs another player’s behavior ('this time bro'), which fits manipulation. The earlier messages support strategic coordination around payoff logic but do not show guilt.""}","[""player Q gets it"", ""ikr"", ""45 bigger than 40 fr"", ""hey but 25 this time bro""]"
umbzdj98,supergame4,6,4,N,0.0,False,False,True,False,True,False,True,False,False,False,"""jsut do 25 for fun"" urges everyone to contribute the maximum, using group-directed pressure and collective framing; since the player actually contributed 0, this also functions as a false promise/implied agreement to contribute.","{""categories"": [""false_promise"", ""manipulation"", ""deflection_collective""], ""reasoning"": ""\""jsut do 25 for fun\"" urges everyone to contribute the maximum, using group-directed pressure and collective framing; since the player actually contributed 0, this also functions as a false promise/implied agreement to contribute.""}","[""this is our longest segment so we're not even going to get paid fr"", ""jsut do 25 for fun""]"
umbzdj98,supergame4,6,4,Q,5.0,False,True,False,False,False,False,False,True,False,False,"""Sorry P"" is a direct apology suggesting remorse, while ""lmao"" alongside admitting awareness (""I know smh"") shows amusement/casual enjoyment in the deceptive situation. There is no explicit false promise in these specific messages.","{""categories"": [""genuine_guilt"", ""duping_delight""], ""reasoning"": ""\""Sorry P\"" is a direct apology suggesting remorse, while \""lmao\"" alongside admitting awareness (\""I know smh\"") shows amusement/casual enjoyment in the deceptive situation. There is no explicit false promise in these specific messages.""}","[""Sorry P"", ""lmao"", ""I know smh""]"
umbzdj98,supergame4,7,2,E,0.0,False,False,False,True,False,True,False,False,True,False,"The player tells others to 'keep your money' and frames the outcome as caused by others, while expressing frustration ('And you went and Jada Smithed me') despite contributing 0 themselves, which fits blame_shifting and performative_frustration. 'This is the point of this experiment' serves as a rationalization for the behavior, fitting self_justification. There is no explicit false promise in these messages themselves.","{""categories"": [""blame_shifting"", ""self_justification"", ""performative_frustration""], ""reasoning"": ""The player tells others to 'keep your money' and frames the outcome as caused by others, while expressing frustration ('And you went and Jada Smithed me') despite contributing 0 themselves, which fits blame_shifting and performative_frustration. 'This is the point of this experiment' serves as a rationalization for the behavior, fitting self_justification. There is no explicit false promise in these messages themselves.""}","[""F keep your money"", ""This is the point of this experiment "", ""I trusted me "", ""And you went and Jada Smithed me""]"
umbzdj98,supergame4,7,4,N,25.0,False,False,False,False,True,False,True,False,False,False,"The player did not lie about contributing and actually gave 25, so false_promise does not apply. 'p you gotta chill out' directs another player's behavior, and 'its better just to go all in everyone' pressures the group toward a contribution strategy using collective framing ('everyone'), which fits manipulation and deflection_collective.","{""categories"": [""manipulation"", ""deflection_collective""], ""reasoning"": ""The player did not lie about contributing and actually gave 25, so false_promise does not apply. 'p you gotta chill out' directs another player's behavior, and 'its better just to go all in everyone' pressures the group toward a contribution strategy using collective framing ('everyone'), which fits manipulation and deflection_collective.""}","[""p you gotta chill out"", ""ok but look im getting less than 40 so its better just to go all in everyone""]"
umbzdj98,supergame4,7,4,Q,5.0,False,False,False,False,True,True,False,False,False,False,"""I gave 5 as a show of good faith"" rationalizes the low contribution as principled or symbolic, which is self-justification. ""can we at least try to rebuild and y'all match me"" pressures others to follow the speaker's level and directs group behavior, which is manipulation. There is no clear apology, false claim of contributing more, or blame-shifting.","{""categories"": [""self_justification"", ""manipulation""], ""reasoning"": ""\""I gave 5 as a show of good faith\"" rationalizes the low contribution as principled or symbolic, which is self-justification. \""can we at least try to rebuild and y'all match me\"" pressures others to follow the speaker's level and directs group behavior, which is manipulation. There is no clear apology, false claim of contributing more, or blame-shifting.""}","[""I gave 5 as a show of good faith"", ""can we at least try to rebuild and y'all match me""]"
umbzdj98,supergame5,3,3,N,25.0,True,False,False,False,False,False,False,False,False,True,"The messages do not show guilt, blame, manipulation, or justification for defection. 'i got 25s trust' matches the player's actual contribution of 25, so it is not a false promise. The other messages are mild surprise and context about prior groups, without deceptive or guilt-related content.","{""categories"": [""no_guilt""], ""reasoning"": ""The messages do not show guilt, blame, manipulation, or justification for defection. 'i got 25s trust' matches the player's actual contribution of 25, so it is not a false promise. The other messages are mild surprise and context about prior groups, without deceptive or guilt-related content.""}","[""oh shoot"", ""I didn't think yall would tbh"", ""my last group was crazy'"", ""i got 25s trust""]"
umbzdj98,supergame5,4,3,N,0.0,True,False,True,False,False,False,True,False,False,False,"The player says ""cheeky 24"" and ""i do,"" indicating they will contribute despite actually giving 0, which is a false promise. The message ""does it work is everyone does it"" uses everyone/group framing, shifting focus to collective action rather than personal responsibility, fitting deflection_collective.","{""categories"": [""false_promise"", ""deflection_collective""], ""reasoning"": ""The player says \""cheeky 24\"" and \""i do,\"" indicating they will contribute despite actually giving 0, which is a false promise. The message \""does it work is everyone does it\"" uses everyone/group framing, shifting focus to collective action rather than personal responsibility, fitting deflection_collective.""}","[""cheeky 24"", ""does it work is everyone does it"", ""only 2 ok"", ""i do""]"
umbzdj98,supergame5,5,3,N,0.0,True,True,True,False,False,True,False,False,False,False,"""ok my bad"" is a direct apology suggesting remorse, ""ill go all in"" is a promise to contribute fully that was not kept since they contributed 0, and ""it misclicked"" is an excuse/rationalization for the low contribution.","{""categories"": [""genuine_guilt"", ""false_promise"", ""self_justification""], ""reasoning"": ""\""ok my bad\"" is a direct apology suggesting remorse, \""ill go all in\"" is a promise to contribute fully that was not kept since they contributed 0, and \""it misclicked\"" is an excuse/rationalization for the low contribution.""}","[""that's crazy"", ""it misclicked"", ""H is not on my level"", ""ok my bad ill go all in""]"
j3ki5tli,supergame2,3,3,P,20.0,True,False,True,False,False,False,True,False,False,False,"""I'll do 25 again if you guys will"" promises a full 25 contribution that the player did not actually make (they gave 20), so it is a false_promise. The phrasing also uses conditional group framing (""if you guys will""), shifting focus to collective action rather than solely their own behavior, which fits deflection_collective.","{""categories"": [""false_promise"", ""deflection_collective""], ""reasoning"": ""\""I'll do 25 again if you guys will\"" promises a full 25 contribution that the player did not actually make (they gave 20), so it is a false_promise. The phrasing also uses conditional group framing (\""if you guys will\""), shifting focus to collective action rather than solely their own behavior, which fits deflection_collective.""}","[""me either"", ""I'll do 25 again if you guys will""]"
j3ki5tli,supergame2,4,3,P,25.0,False,False,False,False,False,False,False,False,False,True,"The message 'five short...' does not contain a promise, apology, blame, manipulation, justification, collective deflection, amusement, or performative frustration. It appears neutral/observational.","{""categories"": [""no_guilt""], ""reasoning"": ""The message 'five short...' does not contain a promise, apology, blame, manipulation, justification, collective deflection, amusement, or performative frustration. It appears neutral/observational.""}","[""five short...""]"
j3ki5tli,supergame3,3,1,P,25.0,False,False,False,False,True,False,False,False,False,False,"""lock in do 25"" directs others' behavior through social pressure to contribute fully. There is no false promise here since the player actually contributed 25, and no other deceptive or guilt-related cues are present.","{""categories"": [""manipulation""], ""reasoning"": ""\""lock in do 25\"" directs others' behavior through social pressure to contribute fully. There is no false promise here since the player actually contributed 25, and no other deceptive or guilt-related cues are present.""}","[""bruh"", ""lock in do 25""]"
j3ki5tli,supergame4,6,1,D,25.0,False,False,False,False,False,False,False,False,False,True,"The messages are minimal and do not contain an apology, promise, blame, manipulation, justification, collective deflection, delight in deception, or performative frustration. Since the player actually contributed 25/25, there is no false promise here.","{""categories"": [""no_guilt""], ""reasoning"": ""The messages are minimal and do not contain an apology, promise, blame, manipulation, justification, collective deflection, delight in deception, or performative frustration. Since the player actually contributed 25/25, there is no false promise here.""}","[""its not that difficult"", ""^^""]"
j3ki5tli,supergame4,7,1,D,25.0,False,False,False,False,False,False,False,False,False,True,"The message 'so close' does not contain a promise, apology, blame, manipulation, justification, collective deflection, delight in deception, or performative frustration. It is neutral commentary.","{""categories"": [""no_guilt""], ""reasoning"": ""The message 'so close' does not contain a promise, apology, blame, manipulation, justification, collective deflection, delight in deception, or performative frustration. It is neutral commentary.""}","[""so close""]"
j3ki5tli,supergame5,3,4,P,25.0,False,False,False,False,False,False,True,False,False,False,"The player urges the group collectively to contribute ('lets make some money put 25 in'), using team-oriented framing. There is no false promise here because they actually contributed 25, and no other deceptive, guilty, or manipulative cues are present.","{""categories"": [""deflection_collective""], ""reasoning"": ""The player urges the group collectively to contribute ('lets make some money put 25 in'), using team-oriented framing. There is no false promise here because they actually contributed 25, and no other deceptive, guilty, or manipulative cues are present.""}","[""so close"", ""lets make some money put 25 in""]"
j3ki5tli,supergame5,4,4,P,25.0,True,False,False,False,False,False,False,False,False,True,"The messages are supportive and indicate contributing 25 ('25 againnnnn'), and the actual contribution was indeed 25, so there is no false promise, guilt, manipulation, or other deceptive behavior evident.","{""categories"": [""no_guilt""], ""reasoning"": ""The messages are supportive and indicate contributing 25 ('25 againnnnn'), and the actual contribution was indeed 25, so there is no false promise, guilt, manipulation, or other deceptive behavior evident.""}","[""lets go"", ""25 againnnnn""]"
j3ki5tli,supergame5,5,4,P,25.0,False,False,False,False,False,False,False,False,False,True,"The message is neutral and does not contain a promise, apology, blame, manipulation, justification, collective deflection, or signs of delight in deception.","{""categories"": [""no_guilt""], ""reasoning"": ""The message is neutral and does not contain a promise, apology, blame, manipulation, justification, collective deflection, or signs of delight in deception.""}","[""hoping for a lot of rounds""]"
r5dj4yfl,supergame1,3,3,G,15.0,False,False,False,False,False,False,False,False,False,True,"The message is a neutral coordination question about contribution levels and does not contain a promise to contribute more, apology, blame, manipulation, justification, or emotional performance.","{""categories"": [""no_guilt""], ""reasoning"": ""The message is a neutral coordination question about contribution levels and does not contain a promise to contribute more, apology, blame, manipulation, justification, or emotional performance.""}","[""15 again or a diff number?""]"
r5dj4yfl,supergame1,3,3,L,15.0,True,False,False,False,False,False,False,False,False,True,"The message simply states their intended contribution amount ('im good with 15') and matches their actual contribution of 15. It contains no false promise, apology, blame, manipulation, justification, collective deflection, amusement, or performative frustration.","{""categories"": [""no_guilt""], ""reasoning"": ""The message simply states their intended contribution amount ('im good with 15') and matches their actual contribution of 15. It contains no false promise, apology, blame, manipulation, justification, collective deflection, amusement, or performative frustration.""}","[""im good with 15""]"
r5dj4yfl,supergame1,3,3,Q,15.0,True,False,False,False,False,False,False,False,False,True,"The message truthfully states the player's intended contribution ('15 for now'), which matches the actual contribution of 15. It does not contain an apology, false promise, blame, manipulation, justification, collective deflection, amusement, or performative frustration.","{""categories"": [""no_guilt""], ""reasoning"": ""The message truthfully states the player's intended contribution ('15 for now'), which matches the actual contribution of 15. It does not contain an apology, false promise, blame, manipulation, justification, collective deflection, amusement, or performative frustration.""}","[""15 for now""]"
r5dj4yfl,supergame1,3,4,H,25.0,True,False,False,False,False,False,False,False,False,True,"The message is just 'yea' with no clear deception, pressure, blame, justification, guilt, or frustration. Since the actual contribution was 25/25, there is also no false promise here.","{""categories"": [""no_guilt""], ""reasoning"": ""The message is just 'yea' with no clear deception, pressure, blame, justification, guilt, or frustration. Since the actual contribution was 25/25, there is also no false promise here.""}","[""yea""]"
r5dj4yfl,supergame3,3,4,D,25.0,True,True,False,False,False,True,False,False,False,False,"""sorry yall"" shows apology/remorse, and ""i thought q wasnt joining"" provides an excuse/rationalization for prior behavior. ""ill do 25 next time"" is not a false promise here because the actual contribution was 25/25.","{""categories"": [""genuine_guilt"", ""self_justification""], ""reasoning"": ""\""sorry yall\"" shows apology/remorse, and \""i thought q wasnt joining\"" provides an excuse/rationalization for prior behavior. \""ill do 25 next time\"" is not a false promise here because the actual contribution was 25/25.""}","[""sorry yall "", ""i thought q wasnt joining "", ""ill do 25 next time ""]"
r5dj4yfl,supergame4,6,1,A,0.0,True,False,False,False,False,True,False,False,False,False,"""just following my president"" excuses the player's own 0 contribution by shifting it to obedience/following another authority, which is a rationalization. The other message is off-topic and does not add another category.","{""categories"": [""self_justification""], ""reasoning"": ""\""just following my president\"" excuses the player's own 0 contribution by shifting it to obedience/following another authority, which is a rationalization. The other message is off-topic and does not add another category.""}","[""Faze Rug"", ""just following my president""]"
r5dj4yfl,supergame4,7,1,A,0.0,False,False,False,False,False,False,False,True,False,False,"The messages cynically frame the interaction as profit-seeking and dismiss trust altogether ('there was never any trust just profit margins'), which signals enjoyment or smugness about deception rather than remorse, apology, or neutral strategy.","{""categories"": [""duping_delight""], ""reasoning"": ""The messages cynically frame the interaction as profit-seeking and dismiss trust altogether ('there was never any trust just profit margins'), which signals enjoyment or smugness about deception rather than remorse, apology, or neutral strategy.""}","[""Welcome to the stock market"", ""there was never any trust just profit margins""]"
r5dj4yfl,supergame5,3,4,P,25.0,True,False,False,False,False,False,False,True,False,False,"The player actually contributed 25, so the promises to give 25 were truthful and do not count as false_promise. The message 'I'm not loyal but im honest haha' contains amused, playful language ('haha') while referencing deceptive/disloyal framing, which fits duping_delight. No other categories clearly apply.","{""categories"": [""duping_delight""], ""reasoning"": ""The player actually contributed 25, so the promises to give 25 were truthful and do not count as false_promise. The message 'I'm not loyal but im honest haha' contains amused, playful language ('haha') while referencing deceptive/disloyal framing, which fits duping_delight. No other categories clearly apply.""}","[""ok im on the 25 train now"", ""I'm not loyal but im honest haha"", ""25""]"
r5dj4yfl,supergame5,4,4,P,25.0,True,False,False,False,False,False,False,False,False,True,"The messages are simple encouragement and repeated statements of contributing 25, and the player actually did contribute 25/25, so there is no deception, guilt, manipulation, or deflection evident.","{""categories"": [""no_guilt""], ""reasoning"": ""The messages are simple encouragement and repeated statements of contributing 25, and the player actually did contribute 25/25, so there is no deception, guilt, manipulation, or deflection evident.""}","[""run it back"", ""lets go"", ""25"", ""25"", ""25"", ""25"", ""yay""]"
r5dj4yfl,supergame5,5,4,P,25.0,True,False,False,False,False,False,True,False,False,False,"The messages encourage repeated full-group cooperation using collective framing ('keep adding', 'ok 25s again', 'yes'). There is no apology, blame, justification, frustration, or clear deceptive promise here, and the actual contribution matched 25.","{""categories"": [""deflection_collective""], ""reasoning"": ""The messages encourage repeated full-group cooperation using collective framing ('keep adding', 'ok 25s again', 'yes'). There is no apology, blame, justification, frustration, or clear deceptive promise here, and the actual contribution matched 25.""}","[""give me 10 more rounds"", ""make that bag"", ""keep adding "", ""$4"", ""$4"", ""$4"", ""ok 25s again"", ""yes""]"
sylq2syi,supergame1,3,3,G,25.0,False,False,False,False,False,False,False,False,False,True,"The message 'who did it' questions who defected, but since the player actually contributed 25/25, it is not hypocritical blame-shifting or performative frustration. There is no deception, manipulation, guilt, or justification in the message.","{""categories"": [""no_guilt""], ""reasoning"": ""The message 'who did it' questions who defected, but since the player actually contributed 25/25, it is not hypocritical blame-shifting or performative frustration. There is no deception, manipulation, guilt, or justification in the message.""}","[""who did it""]"
sylq2syi,supergame1,3,4,R,25.0,False,,,,,,,,,,,,
sylq2syi,supergame4,4,1,C,0.0,True,False,True,True,False,False,False,False,False,False,"""same"" indicates agreement with a prior contribution promise despite contributing 0, making it a false_promise. ""yall who didn't put in"" accuses/question others about defection while the speaker also contributed nothing, which is blame_shifting.","{""categories"": [""false_promise"", ""blame_shifting""], ""reasoning"": ""\""same\"" indicates agreement with a prior contribution promise despite contributing 0, making it a false_promise. \""yall who didn't put in\"" accuses/question others about defection while the speaker also contributed nothing, which is blame_shifting.""}","[""yall who didn't put in"", ""same""]"
sylq2syi,supergame4,5,1,C,0.0,False,False,False,False,False,False,False,False,True,False,"The message 'seriously' expresses frustration/exasperation, and because the player actually contributed 0, this fits acting upset while also defecting.","{""categories"": [""performative_frustration""], ""reasoning"": ""The message 'seriously' expresses frustration/exasperation, and because the player actually contributed 0, this fits acting upset while also defecting.""}","[""seriously""]"
sylq2syi,supergame4,6,1,C,0.0,False,False,True,False,False,False,True,False,False,False,"The player endorses a group plan to contribute fully: 'if we all put in 25' and 'same' indicates agreement, but they actually contributed 0, so this is a false_promise. The repeated 'we all' framing shifts focus to collective action rather than their own choice, fitting deflection_collective.","{""categories"": [""false_promise"", ""deflection_collective""], ""reasoning"": ""The player endorses a group plan to contribute fully: 'if we all put in 25' and 'same' indicates agreement, but they actually contributed 0, so this is a false_promise. The repeated 'we all' framing shifts focus to collective action rather than their own choice, fitting deflection_collective.""}","[""ok i feel like we need to reset"", ""like if we all put in 25"", ""same""]"
sylq2syi,supergame4,7,1,C,0.0,False,False,False,False,False,False,False,False,True,False,"""omg im done"" expresses exasperation/frustration while the player themselves contributed 0, fitting performative frustration. ""huh"" adds no new category. There is no explicit promise in these messages themselves, and no apology, justification, blame, or manipulation.","{""categories"": [""performative_frustration""], ""reasoning"": ""\""omg im done\"" expresses exasperation/frustration while the player themselves contributed 0, fitting performative frustration. \""huh\"" adds no new category. There is no explicit promise in these messages themselves, and no apology, justification, blame, or manipulation.""}","[""omg im done"", ""huh""]"
iiu3xixz,supergame1,3,1,E,21.0,False,False,False,False,False,False,False,False,False,True,"The messages are neutral and do not contain any promise about contributing, apology, blame, manipulation, justification, collective deflection, or signs of amused deception. 'Do the tokens reset each round?' is a rules question, and 'ooo' is noninformative.","{""categories"": [""no_guilt""], ""reasoning"": ""The messages are neutral and do not contain any promise about contributing, apology, blame, manipulation, justification, collective deflection, or signs of amused deception. 'Do the tokens reset each round?' is a rules question, and 'ooo' is noninformative.""}","[""Do the tokens reset each round?"", ""ooo""]"
iiu3xixz,supergame1,3,3,L,10.0,True,False,True,False,False,False,False,False,False,False,"The player stated they would contribute 25, but actually contributed only 10, which is a direct false promise.","{""categories"": [""false_promise""], ""reasoning"": ""The player stated they would contribute 25, but actually contributed only 10, which is a direct false promise.""}","[""25""]"
iiu3xixz,supergame2,3,1,A,25.0,True,False,False,False,False,False,False,False,False,True,"The messages are neutral/positive ('cool', ':)') and do not contain any apology, false statement, blame, manipulation, justification, collective deflection, or signs of delight in deception.","{""categories"": [""no_guilt""], ""reasoning"": ""The messages are neutral/positive ('cool', ':)') and do not contain any apology, false statement, blame, manipulation, justification, collective deflection, or signs of delight in deception.""}","[""cool"", "":)""]"
iiu3xixz,supergame2,3,1,L,1.0,True,False,True,False,False,False,False,False,False,False,"""all in"" is a clear promise to contribute fully, and ""sounds great"" affirms the cooperative plan. Since the player actually contributed only 1/25, this indicates a false promise.","{""categories"": [""false_promise""], ""reasoning"": ""\""all in\"" is a clear promise to contribute fully, and \""sounds great\"" affirms the cooperative plan. Since the player actually contributed only 1/25, this indicates a false promise.""}","[""all in"", ""sounds great""]"
iiu3xixz,supergame2,4,1,A,5.0,False,False,False,True,False,False,False,True,True,False,"The player is defecting while mocking or criticizing others: 'i see how it is' and 'boooo' signal performative upset, and 'lol you expect us to trust you?' shifts suspicion onto others despite their own low contribution. The 'lol' adds a mocking/amused tone consistent with duping_delight.","{""categories"": [""blame_shifting"", ""duping_delight"", ""performative_frustration""], ""reasoning"": ""The player is defecting while mocking or criticizing others: 'i see how it is' and 'boooo' signal performative upset, and 'lol you expect us to trust you?' shifts suspicion onto others despite their own low contribution. The 'lol' adds a mocking/amused tone consistent with duping_delight.""}","[""i see how it is"", ""boooo"", ""lol you expect us to trust you?""]"
iiu3xixz,supergame2,4,1,L,7.0,True,False,True,False,False,False,False,False,False,False,"""all in this time"" is a clear promise to contribute the full amount, and ""yes"" reinforces agreement. Since the player actually contributed only 7/25, this is a false promise.","{""categories"": [""false_promise""], ""reasoning"": ""\""all in this time\"" is a clear promise to contribute the full amount, and \""yes\"" reinforces agreement. Since the player actually contributed only 7/25, this is a false promise.""}","[""all in this time"", ""yes""]"
iiu3xixz,supergame3,3,2,L,25.0,True,True,False,False,False,True,True,False,False,False,"""my bad"" suggests apology/remorse, while ""i forgot to press 5"" is an excuse/rationalization. ""do it again,"" ""yeah i agree,"" and ""lets do it"" use group-oriented coordination language. No false_promise applies because the player actually contributed 25/25.","{""categories"": [""genuine_guilt"", ""self_justification"", ""deflection_collective""], ""reasoning"": ""\""my bad\"" suggests apology/remorse, while \""i forgot to press 5\"" is an excuse/rationalization. \""do it again,\"" \""yeah i agree,\"" and \""lets do it\"" use group-oriented coordination language. No false_promise applies because the player actually contributed 25/25.""}","[""i forgot to press 5"", ""do it again"", ""my bad"", ""yeah i agree"", ""lets do it""]"
iiu3xixz,supergame4,4,3,L,1.0,False,False,False,False,False,False,False,False,False,True,"The messages are vague and do not contain any clear promise, apology, blame, manipulation, justification, collective framing, delight in deception, or performative frustration. 'great again?' and '?' are too ambiguous to infer deceptive chat content.","{""categories"": [""no_guilt""], ""reasoning"": ""The messages are vague and do not contain any clear promise, apology, blame, manipulation, justification, collective framing, delight in deception, or performative frustration. 'great again?' and '?' are too ambiguous to infer deceptive chat content.""}","[""great again?"", ""?""]"
iiu3xixz,supergame4,5,3,L,0.0,True,False,True,False,True,False,False,False,False,False,"The player proposes and endorses contribution levels ('how about 15', 'can we do 15', '10', 'thats reasonable') while actually contributing 0, so they are signaling willingness to contribute some positive amount they did not make. The repeated suggestions also attempt to steer the group's behavior toward a coordinated contribution level.","{""categories"": [""false_promise"", ""manipulation""], ""reasoning"": ""The player proposes and endorses contribution levels ('how about 15', 'can we do 15', '10', 'thats reasonable') while actually contributing 0, so they are signaling willingness to contribute some positive amount they did not make. The repeated suggestions also attempt to steer the group's behavior toward a coordinated contribution level.""}","[""how about 15"", ""can we do 15"", ""10"", ""thats reasonable""]"
iiu3xixz,supergame4,6,3,L,0.0,True,False,True,False,True,False,True,False,False,False,"The player stated a contribution amount ('15') but actually gave 0, which is a false_promise. They also tried to direct others' behavior ('we gotta add something to the pot'), which is manipulation. Their wording emphasizes group-oriented framing ('we', 'for everyone'), diffusing individual responsibility and fitting deflection_collective.","{""categories"": [""false_promise"", ""manipulation"", ""deflection_collective""], ""reasoning"": ""The player stated a contribution amount ('15') but actually gave 0, which is a false_promise. They also tried to direct others' behavior ('we gotta add something to the pot'), which is manipulation. Their wording emphasizes group-oriented framing ('we', 'for everyone'), diffusing individual responsibility and fitting deflection_collective.""}","[""alright we gotta add something to the pot"", ""15"", ""thats better for everyone""]"
iiu3xixz,supergame4,7,3,L,0.0,False,False,True,False,True,False,True,False,False,False,"The player tells everyone to contribute specific positive amounts, including 'everyone do 25,' while actually contributing 0, so this is a false promise. The messages also try to direct others' behavior ('everyone do 18/25'), which is manipulation. The repeated 'everyone/we' style framing shifts focus to collective action rather than the speaker's own choice, fitting deflection_collective.","{""categories"": [""false_promise"", ""manipulation"", ""deflection_collective""], ""reasoning"": ""The player tells everyone to contribute specific positive amounts, including 'everyone do 25,' while actually contributing 0, so this is a false promise. The messages also try to direct others' behavior ('everyone do 18/25'), which is manipulation. The repeated 'everyone/we' style framing shifts focus to collective action rather than the speaker's own choice, fitting deflection_collective.""}","[""everyone do 18"", ""everyone do 25"", ""then we can get 4""]"
6ucza025,supergame4,4,2,G,20.0,False,False,True,False,False,False,True,False,False,False,"""guys all in"" urges the group to contribute fully and implies the speaker will do the same, but they contributed only 20/25, so it is a false promise. The phrasing also uses group-focused framing (""guys all in"") to emphasize collective action rather than individual responsibility, fitting deflection_collective. ""??"" adds no separate category.","{""categories"": [""false_promise"", ""deflection_collective""], ""reasoning"": ""\""guys all in\"" urges the group to contribute fully and implies the speaker will do the same, but they contributed only 20/25, so it is a false promise. The phrasing also uses group-focused framing (\""guys all in\"") to emphasize collective action rather than individual responsibility, fitting deflection_collective. \""??\"" adds no separate category.""}","[""guys all in"", ""??""]"
6ucza025,supergame4,5,2,G,25.0,False,False,False,False,False,False,False,False,False,True,"The messages only comment on profit/maximization and do not contain a false promise, apology, blame, manipulation, justification, collective deflection, amusement, or performative frustration. Since the player actually contributed 25/25, there is no deceptive mismatch in these messages.","{""categories"": [""no_guilt""], ""reasoning"": ""The messages only comment on profit/maximization and do not contain a false promise, apology, blame, manipulation, justification, collective deflection, amusement, or performative frustration. Since the player actually contributed 25/25, there is no deceptive mismatch in these messages.""}","[""not maximizing prodit"", ""profit""]"
6ucza025,supergame4,6,2,G,25.0,False,False,False,False,False,False,False,False,False,True,"The messages are brief and do not contain a promise, apology, blame, manipulation, justification, collective deflection, or clear enjoyment of deception. They appear neutral/off-topic.","{""categories"": [""no_guilt""], ""reasoning"": ""The messages are brief and do not contain a promise, apology, blame, manipulation, justification, collective deflection, or clear enjoyment of deception. They appear neutral/off-topic.""}","[""nice guys"", ""10/10"", ""rtr"", ""again""]"
6ucza025,supergame4,7,2,G,25.0,False,False,False,False,False,False,False,False,False,True,"The messages 'yay' and 'proud' do not contain any apology, promise, blame, manipulation, justification, collective deflection, or deceptive amusement. Also, the player actually contributed 25/25, so there is no false promise here.","{""categories"": [""no_guilt""], ""reasoning"": ""The messages 'yay' and 'proud' do not contain any apology, promise, blame, manipulation, justification, collective deflection, or deceptive amusement. Also, the player actually contributed 25/25, so there is no false promise here.""}","[""yay"", ""proud""]"
6sdkxl2q,supergame1,3,4,H,1.0,False,,,,,,,,,,,,
6sdkxl2q,supergame1,3,4,M,6.0,False,,,,,,,,,,,,
6sdkxl2q,supergame1,3,4,R,7.0,False,,,,,,,,,,,,
6sdkxl2q,supergame2,3,4,D,25.0,True,True,False,False,True,True,False,False,False,False,"The messages include sincere-seeming apologies ('sorry yall', 'sorry i didn't know'), indicating genuine_guilt. 'i didn't know we were all in' also excuses prior behavior, fitting self_justification. 'yall dont have to since you put 25 in last time' tries to direct others' contributions, which counts as manipulation. Since the player actually contributed 25, false_promise does not apply.","{""categories"": [""genuine_guilt"", ""manipulation"", ""self_justification""], ""reasoning"": ""The messages include sincere-seeming apologies ('sorry yall', 'sorry i didn't know'), indicating genuine_guilt. 'i didn't know we were all in' also excuses prior behavior, fitting self_justification. 'yall dont have to since you put 25 in last time' tries to direct others' contributions, which counts as manipulation. Since the player actually contributed 25, false_promise does not apply.""}","[""im putting 25 next round sorry yall"", ""sorry i didn't know we were all in "", ""yall dont have to since you put 25 in last time""]"
6sdkxl2q,supergame2,4,3,C,25.0,False,False,False,False,False,False,True,False,False,False,"The messages use collective framing about what 'we' or 'all' should do and discuss group strategy rather than showing apology, blame, manipulation, or deceptive amusement. Since the player actually contributed 25, there is no false promise here.","{""categories"": [""deflection_collective""], ""reasoning"": ""The messages use collective framing about what 'we' or 'all' should do and discuss group strategy rather than showing apology, blame, manipulation, or deceptive amusement. Since the player actually contributed 25, there is no false promise here.""}","[""that made less than if we had all done 25"", ""the risk is a valid concern but prisoners dilema literally says to all do it ""]"
6sdkxl2q,supergame2,4,3,J,25.0,False,False,False,False,False,False,True,False,False,False,"The message uses collective 'we all' framing to focus on group behavior and outcomes. There is no apology, blame, manipulation, or false promise here, especially since the player actually contributed 25.","{""categories"": [""deflection_collective""], ""reasoning"": ""The message uses collective 'we all' framing to focus on group behavior and outcomes. There is no apology, blame, manipulation, or false promise here, especially since the player actually contributed 25.""}","[""if we all do 25 then we get 40 each ""]"
6sdkxl2q,supergame2,4,3,P,25.0,False,False,False,False,False,False,False,False,False,True,"The messages are neutral strategic coordination ('keep doing 10', 'so 25?') and do not show deception, guilt, blame, manipulation, or false promises. The player actually contributed 25, matching any implied promise.","{""categories"": [""no_guilt""], ""reasoning"": ""The messages are neutral strategic coordination ('keep doing 10', 'so 25?') and do not show deception, guilt, blame, manipulation, or false promises. The player actually contributed 25, matching any implied promise.""}","[""keep doing 10"", ""so 25?""]"
6sdkxl2q,supergame2,4,4,D,25.0,True,False,False,False,False,False,True,False,False,False,"The messages use collective/team framing like 'lets all go 25' and 'lets go 25 in and get paid,' but since the player actually contributed 25, there is no false promise, deception, guilt, or manipulation beyond group-oriented framing.","{""categories"": [""deflection_collective""], ""reasoning"": ""The messages use collective/team framing like 'lets all go 25' and 'lets go 25 in and get paid,' but since the player actually contributed 25, there is no false promise, deception, guilt, or manipulation beyond group-oriented framing.""}","[""lets all go 25"", ""nah ur good "", ""lets go 25 in and get paid "", ""all in ""]"
6sdkxl2q,supergame4,7,3,J,0.0,False,False,False,False,False,False,False,False,False,True,"The message is vague and does not contain a promise, apology, blame, manipulation, justification, collective framing, amusement, or performative frustration.","{""categories"": [""no_guilt""], ""reasoning"": ""The message is vague and does not contain a promise, apology, blame, manipulation, justification, collective framing, amusement, or performative frustration.""}","[""turn of events...""]"
6sdkxl2q,supergame4,7,3,L,0.0,False,False,False,False,False,False,False,True,False,False,"The message ""XD"" signals amusement/laughter while the player was deceiving others by contributing 0 after promising to contribute, which fits text-based enjoyment of deception.","{""categories"": [""duping_delight""], ""reasoning"": ""The message \""XD\"" signals amusement/laughter while the player was deceiving others by contributing 0 after promising to contribute, which fits text-based enjoyment of deception.""}","[""XD""]"
